timestamp,date,time,session_id,user_input,assistant_response,response_word_count,response_sentence_count,prompt_tokens,completion_tokens,total_tokens,prompt_cost_usd,completion_cost_usd,total_cost_usd,response_time_sec
2026-05-05 15:58:26.858977,2026-05-05,15:58:26,270b3069-8bd2-485e-ae4f-4cf7473d2c6a,what is el nino effect,"El Niño is a complex weather phenomenon that occurs when the surface temperature of the Pacific Ocean warms up more than usual, affecting the climate and weather patterns around the world. The term ""El Niño"" comes from Spanish, meaning ""The Boy"" or ""Christ Child,"" as it was first observed by fishermen off the coast of South America during the Christmas season.

**What happens during an El Niño event?**

During an El Niño event, the following changes occur:

1. **Warming of the Pacific Ocean**: The surface temperature of the Pacific Ocean warms up by 0.5-1.0°C (0.9-1.8°F) more than usual, particularly in the eastern and central Pacific.
2. **Shift in atmospheric circulation**: The warming of the Pacific Ocean leads to a shift in atmospheric circulation, with the trade winds (which normally blow from east to west) weakening or even reversing direction.
3. **Changes in precipitation patterns**: The shift in atmospheric circulation leads to changes in precipitation patterns, with some regions experiencing heavy rainfall and flooding, while others experience drought.

**Effects of El Niño**

El Niño has significant effects on the climate and weather patterns around the world, including:

1. **Heavy rainfall and flooding**: El Niño often leads to heavy rainfall and flooding in regions such as South America, Australia, and Southeast Asia.
2. **Drought**: El Niño can cause drought in regions such as Indonesia, Africa, and the southern United States.
3. **Heatwaves**: El Niño can lead to heatwaves in regions such as Australia and the southern United States.
4. **Increased hurricane activity**: El Niño can lead to an increase in hurricane activity in the Atlantic Ocean.
5. **Impacts on agriculture**: El Niño can have significant impacts on agriculture, with crops such as wheat, corn, and soybeans being affected by changes in precipitation and temperature patterns.

**Regional effects of El Niño**

El Niño has different effects on different regions, including:

1. **South America**: Heavy rainfall and flooding in Peru, Chile, and Ecuador.
2. **Australia**: Drought and heatwaves in eastern Australia.
3. **Southeast Asia**: Heavy rainfall and flooding in Indonesia and the Philippines.
4. **Africa**: Drought in southern Africa and heavy rainfall in eastern Africa.
5. **United States**: Heavy rainfall and flooding in the southern United States, particularly in California and Florida.

**La Niña**

La Niña is the opposite of El Niño, where the surface temperature of the Pacific Ocean cools down more than usual. La Niña has the opposite effects of El Niño, with drought in regions that would normally experience heavy rainfall during an El Niño event, and heavy rainfall in regions that would normally experience drought.

Overall, El Niño is a complex weather phenomenon that has significant effects on the climate and weather patterns around the world, and it is essential to understand and monitor these events to prepare for and mitigate their impacts.",463,36,46,615,661,1.242e-05,0.00036285,0.00037527,2.77
2026-05-05 16:07:32.923568,2026-05-05,16:07:32,a026e1ad-0d45-4e71-a4b2-8e8dc173ba44,What is the best place to explore in Maharashtra in summer?,"Maharashtra has a lot to offer when it comes to summer destinations. Considering the hot weather, it's best to explore places with pleasant climates or those that offer exciting water activities. Here are some top recommendations:

1. **Mahabaleshwar**: A popular hill station in the Western Ghats, known for its strawberry farms, scenic valleys, and pleasant weather. The average summer temperature is around 25°C (77°F), making it an ideal escape from the heat.
2. **Lonavala**: Another hill station near Mumbai, famous for its breathtaking views, waterfalls, and trekking trails. The misty atmosphere and cool climate make it a perfect summer getaway.
3. **Matheran**: A quaint hill station near Mumbai, offers a peaceful and serene atmosphere, with plenty of trekking trails, scenic viewpoints, and a relaxing climate.
4. **Tarkarli**: A coastal town in the Sindhudurg district, known for its pristine beaches, water sports, and scenic boat rides. The sea breeze and cool ocean waters make it an excellent summer destination.
5. **Aguada Beach** (Malvan): Located in the Sindhudurg district, this beach is famous for its crystal-clear waters, water sports, and stunning sunsets.
6. **Bhandardara**: A scenic hill station near Igatpuri, known for its lake, waterfalls, and trekking trails. The climate is pleasant during summer, and it's an excellent spot for boating and fishing.
7. **Tapola**: A small town near Mahabaleshwar, often called the ""Mini Kashmir"" of Maharashtra. It's famous for its lake, scenic views, and boat rides.

These destinations offer a mix of natural beauty, adventure, and relaxation, making them perfect for a summer getaway in Maharashtra. Just remember to pack accordingly and stay hydrated during your trip.",266,23,52,387,439,1.404e-05,0.00022833,0.00024237,2.41
2026-05-05 16:11:48.765549,2026-05-05,16:11:48,1c68bfa0-850d-41b2-935c-5348efc31a5d,HI,It's nice to meet you. Is there something I can help you with or would you like to chat?,19,2,41,23,64,1.107e-05,1.357e-05,2.464e-05,0.98
2026-05-05 16:12:35.752708,2026-05-05,16:12:35,9a13c9cc-02e9-4768-a258-2dff188cc540,Hi My Name is Pranit,"Hello Pranit, it's nice to meet you. Is there something I can help you with or would you like to chat?",21,2,47,28,75,1.269e-05,1.652e-05,2.921e-05,1.48
